<?xml version="1.0" encoding="UTF-8"?>
<project-private xmlns="http://www.netbeans.org/ns/project-private/1">
    <editor-bookmarks xmlns="http://www.netbeans.org/ns/editor-bookmarks/2" lastBookmarkId="0"/>
    <open-files xmlns="http://www.netbeans.org/ns/projectui-open-files/2">
        <group>
            <file>file:/D:/Shop/Main%20Files/2017/3%20March/3.3.17/Asteroids/src/asteroids/Player.java</file>
            <file>file:/D:/Shop/Main%20Files/2017/3%20March/3.3.17/Asteroids/src/asteroids/Enemy.java</file>
            <file>file:/D:/Shop/Main%20Files/2017/3%20March/3.3.17/Asteroids/src/asteroids/Asteroids.java</file>
            <file>file:/D:/Shop/Main%20Files/2017/3%20March/3.3.17/Asteroids/src/asteroids/Projectile.java</file>
            <file>file:/D:/Shop/Main%20Files/2017/3%20March/3.3.17/Asteroids/src/asteroids/DrawableObject.java</file>
        </group>
    </open-files>
</project-private>
